date,open,high,low,close,volume
2023-04-15,3.234e-05,3.247e-05,3.185e-05,3.216e-05,24144586558.0
2023-04-16,3.217e-05,3.271e-05,3.175e-05,3.239e-05,39967526733.0
2023-04-17,3.238e-05,3.253e-05,3.14e-05,3.163e-05,34808900762.0
2023-04-18,3.163e-05,3.225e-05,3.142e-05,3.22e-05,34176990777.0
2023-04-19,3.22e-05,3.225e-05,2.955e-05,3.004e-05,78497501089.0
2023-04-20,3.003e-05,3.094e-05,2.928e-05,2.995e-05,47157496537.0
2023-04-21,2.995e-05,3.093e-05,2.915e-05,2.952e-05,52917680527.0
2023-04-22,2.952e-05,3.029e-05,2.912e-05,3.004e-05,38706968061.0
2023-04-23,3.004e-05,3.039e-05,2.862e-05,2.954e-05,34763405372.0
2023-04-24,2.954e-05,2.99e-05,2.898e-05,2.944e-05,30299512745.0
2023-04-25,2.946e-05,2.985e-05,2.885e-05,2.963e-05,27404073827.0
2023-04-26,2.966e-05,3.103e-05,2.822e-05,2.924e-05,71905133133.0
2023-04-27,2.924e-05,2.995e-05,2.897e-05,2.965e-05,29523392973.0
2023-04-28,2.964e-05,2.978e-05,2.921e-05,2.964e-05,20418414282.0
2023-04-29,2.963e-05,3.099e-05,2.962e-05,3.05e-05,62921668284.0
2023-04-30,3.051e-05,3.055e-05,2.947e-05,2.966e-05,24073648598.0
2023-05-01,2.967e-05,2.989e-05,2.852e-05,2.897e-05,20444097169.0
2023-05-02,2.897e-05,2.91e-05,2.852e-05,2.897e-05,16891428827.0
2023-05-03,2.895e-05,2.926e-05,2.823e-05,2.903e-05,24788804775.0
2023-05-04,2.904e-05,2.997e-05,2.806e-05,2.827e-05,32220577991.0
2023-05-05,2.826e-05,2.864e-05,2.769e-05,2.825e-05,33911235484.0
2023-05-06,2.826e-05,2.856e-05,2.695e-05,2.741e-05,34040589647.0
2023-05-07,2.74e-05,2.763e-05,2.706e-05,2.714e-05,17771733763.0
2023-05-08,2.714e-05,2.76e-05,2.5e-05,2.594e-05,90452995511.0
2023-05-09,2.591e-05,2.82e-05,2.549e-05,2.784e-05,171673564093.0
2023-05-10,2.784e-05,2.784e-05,2.6e-05,2.702e-05,70048943189.0
2023-05-11,2.704e-05,2.704e-05,2.565e-05,2.607e-05,35434132627.0
2023-05-12,2.607e-05,2.706e-05,2.554e-05,2.693e-05,38167239958.0
2023-05-13,2.694e-05,2.714e-05,2.667e-05,2.696e-05,16255032965.0
2023-05-14,2.696e-05,2.826e-05,2.655e-05,2.692e-05,74040080345.0
2023-05-15,2.692e-05,2.711e-05,2.638e-05,2.665e-05,31525426017.0
2023-05-16,2.664e-05,2.678e-05,2.603e-05,2.642e-05,24862861094.0
2023-05-17,2.643e-05,2.667e-05,2.579e-05,2.654e-05,23101017578.0
2023-05-18,2.656e-05,2.656e-05,2.558e-05,2.59e-05,23439085239.0
2023-05-19,2.59e-05,2.635e-05,2.585e-05,2.616e-05,28293923330.0
2023-05-20,2.619e-05,2.641e-05,2.591e-05,2.627e-05,19471807364.0
2023-05-21,2.628e-05,2.636e-05,2.548e-05,2.564e-05,15727974866.0
2023-05-22,2.565e-05,2.575e-05,2.527e-05,2.56e-05,14160808403.0
2023-05-23,2.563e-05,2.61e-05,2.548e-05,2.568e-05,20012800256.0
2023-05-24,2.568e-05,2.568e-05,2.45e-05,2.477e-05,27898421865.0
2023-05-25,2.482e-05,2.487e-05,2.417e-05,2.468e-05,23889843600.0
2023-05-26,2.464e-05,2.493e-05,2.431e-05,2.489e-05,21449794744.0
2023-05-27,2.487e-05,2.508e-05,2.461e-05,2.506e-05,19463541969.0
2023-05-28,2.505e-05,2.591e-05,2.491e-05,2.563e-05,24090433065.0
2023-05-29,2.564e-05,2.568e-05,2.509e-05,2.525e-05,22531778277.0
2023-05-30,2.527e-05,2.545e-05,2.482e-05,2.498e-05,22186389779.0
2023-05-31,2.497e-05,2.509e-05,2.397e-05,2.453e-05,37903324198.0
2023-06-01,2.453e-05,2.46e-05,2.41e-05,2.417e-05,17559631785.0
2023-06-02,2.418e-05,2.464e-05,2.398e-05,2.457e-05,14703267049.0
2023-06-03,2.458e-05,2.483e-05,2.439e-05,2.463e-05,21190100755.0
2023-06-04,2.465e-05,2.499e-05,2.45e-05,2.468e-05,16602284291.0
2023-06-05,2.467e-05,2.468e-05,2.226e-05,2.283e-05,39418829181.0
2023-06-06,2.282e-05,2.389e-05,2.252e-05,2.375e-05,28864302922.0
2023-06-07,2.374e-05,2.374e-05,2.227e-05,2.253e-05,29602278156.0
2023-06-08,2.25e-05,2.283e-05,2.226e-05,2.259e-05,20283882321.0
2023-06-09,2.26e-05,2.322e-05,2.244e-05,2.282e-05,22379030393.0
2023-06-10,2.283e-05,2.283e-05,1.8e-05,2.039e-05,128533075879.0
2023-06-11,2.039e-05,2.088e-05,1.985e-05,2.039e-05,22495201177.0
2023-06-12,2.038e-05,2.038e-05,1.973e-05,2.003e-05,27499251646.0
2023-06-13,2.007e-05,2.053e-05,1.988e-05,2.018e-05,31690683028.0
2023-06-14,2.018e-05,2.04e-05,1.917e-05,1.951e-05,28359119568.0
2023-06-15,1.951e-05,2.005e-05,1.92e-05,1.981e-05,23936961702.0
2023-06-16,1.979e-05,2.008e-05,1.936e-05,2.006e-05,24704033374.0
2023-06-17,2.007e-05,2.036e-05,1.993e-05,2.026e-05,17276051795.0
2023-06-18,2.026e-05,2.047e-05,1.987e-05,1.988e-05,18670931978.0
2023-06-19,1.988e-05,2.022e-05,1.978e-05,2.012e-05,22070863775.0
2023-06-20,2.01e-05,2.067e-05,1.962e-05,2.067e-05,22080551791.0
2023-06-21,2.066e-05,2.222e-05,2.057e-05,2.2e-05,66454831940.0
2023-06-22,2.202e-05,2.335e-05,2.181e-05,2.198e-05,53894699881.0
2023-06-23,2.197e-05,2.7e-05,2.196e-05,2.454e-05,195185949668.0
2023-06-24,2.455e-05,2.636e-05,2.353e-05,2.502e-05,185329119059.0
2023-06-25,2.501e-05,2.501e-05,2.377e-05,2.401e-05,47027930240.0
2023-06-26,2.4e-05,2.496e-05,2.326e-05,2.405e-05,62634392459.0
2023-06-27,2.401e-05,2.408e-05,2.327e-05,2.377e-05,33451361760.0
2023-06-28,2.376e-05,2.378e-05,2.179e-05,2.22e-05,35142022372.0
2023-06-29,2.22e-05,2.388e-05,2.212e-05,2.337e-05,52434936760.0
2023-06-30,2.339e-05,4.099e-05,2.334e-05,4.038e-05,2388481675671.0
2023-07-01,4.039e-05,4.572e-05,3.615e-05,3.681e-05,1493315562183.0
2023-07-02,3.68e-05,3.937e-05,3.379e-05,3.701e-05,617513747108.0
2023-07-03,3.702e-05,3.752e-05,3.364e-05,3.444e-05,328306172417.0
2023-07-04,3.445e-05,3.651e-05,3.189e-05,3.208e-05,248598249249.0
2023-07-05,3.208e-05,3.282e-05,3.008e-05,3.15e-05,214723542322.0
2023-07-06,3.147e-05,3.848e-05,3.07e-05,3.508e-05,1040065322290.0
2023-07-07,3.508e-05,3.99e-05,3.475e-05,3.75e-05,648195899085.0
2023-07-08,3.752e-05,3.876e-05,3.433e-05,3.491e-05,204830561605.0
2023-07-09,3.491e-05,3.538e-05,3.313e-05,3.317e-05,127469154931.0
2023-07-10,3.319e-05,3.616e-05,3.207e-05,3.497e-05,427380351337.0
2023-07-11,3.499e-05,3.515e-05,3.27e-05,3.297e-05,146242838116.0
2023-07-12,3.297e-05,3.48e-05,3.191e-05,3.334e-05,212733003433.0
2023-07-13,3.334e-05,3.378e-05,3.073e-05,3.106e-05,282712749574.0
2023-07-14,3.106e-05,3.235e-05,2.917e-05,3.029e-05,250212559908.0
2023-07-15,3.029e-05,3.045e-05,2.934e-05,2.96e-05,89648227083.0
2023-07-16,2.96e-05,3.197e-05,2.958e-05,3.009e-05,274028130647.0
2023-07-17,3.01e-05,3.179e-05,2.985e-05,3.07e-05,252243739881.0
2023-07-18,3.071e-05,3.16e-05,2.983e-05,3.128e-05,158987780442.0
2023-07-19,3.13e-05,3.205e-05,3.074e-05,3.148e-05,115281110424.0
2023-07-20,3.148e-05,3.571e-05,3.099e-05,3.183e-05,396684582861.0
2023-07-21,3.187e-05,3.27e-05,3.105e-05,3.152e-05,126889078229.0
2023-07-22,3.153e-05,3.197e-05,3.04e-05,3.067e-05,60787827741.0
2023-07-23,3.069e-05,3.17e-05,3.025e-05,3.097e-05,84921705078.0
2023-07-24,3.098e-05,3.11e-05,2.9e-05,2.955e-05,75588520473.0
2023-07-25,2.957e-05,2.978e-05,2.906e-05,2.949e-05,51343842317.0
2023-07-26,2.947e-05,3e-05,2.881e-05,2.956e-05,70887083539.0
2023-07-27,2.959e-05,3.015e-05,2.923e-05,2.962e-05,59766059413.0
2023-07-28,2.962e-05,2.993e-05,2.904e-05,2.978e-05,49150488779.0
2023-07-29,2.978e-05,3.035e-05,2.965e-05,3.022e-05,45478786335.0
2023-07-30,3.021e-05,3.311e-05,2.978e-05,3.141e-05,383118622999.0
2023-07-31,3.142e-05,3.235e-05,3.055e-05,3.087e-05,239168596835.0
2023-08-01,3.087e-05,3.164e-05,3.005e-05,3.127e-05,137527483814.0
2023-08-02,3.127e-05,3.145e-05,2.974e-05,2.999e-05,148829727578.0
2023-08-03,2.998e-05,3.014e-05,2.914e-05,2.931e-05,69114494198.0
2023-08-04,2.931e-05,3e-05,2.878e-05,2.914e-05,84803915467.0
2023-08-05,2.915e-05,2.919e-05,2.857e-05,2.907e-05,45271555847.0
2023-08-06,2.908e-05,2.937e-05,2.883e-05,2.904e-05,45687211037.0
2023-08-07,2.905e-05,2.985e-05,2.825e-05,2.922e-05,115423458372.0
2023-08-08,2.921e-05,3.106e-05,2.897e-05,2.992e-05,161952984130.0
2023-08-09,2.992e-05,3.005e-05,2.912e-05,2.942e-05,55116326066.0
2023-08-10,2.942e-05,2.952e-05,2.881e-05,2.895e-05,36287269931.0
2023-08-11,2.895e-05,2.905e-05,2.863e-05,2.892e-05,45467910782.0
2023-08-12,2.892e-05,2.951e-05,2.888e-05,2.937e-05,53639248679.0
2023-08-13,2.937e-05,2.952e-05,2.894e-05,2.905e-05,44405674219.0
2023-08-14,2.905e-05,2.928e-05,2.886e-05,2.906e-05,30165286427.0
2023-08-15,2.906e-05,2.929e-05,2.717e-05,2.792e-05,71049401648.0
2023-08-16,2.792e-05,2.799e-05,2.493e-05,2.562e-05,99946910775.0
2023-08-17,2.563e-05,2.602e-05,2.144e-05,2.329e-05,116701729320.0
2023-08-18,2.327e-05,2.399e-05,2.303e-05,2.368e-05,86586621960.0
2023-08-19,2.368e-05,2.453e-05,2.367e-05,2.442e-05,65961865934.0
2023-08-20,2.441e-05,2.461e-05,2.418e-05,2.445e-05,32966169007.0
2023-08-21,2.447e-05,2.479e-05,2.325e-05,2.4e-05,46751878998.0
2023-08-22,2.402e-05,2.411e-05,2.283e-05,2.379e-05,41329261201.0
2023-08-23,2.381e-05,2.459e-05,2.367e-05,2.437e-05,43685445721.0
2023-08-24,2.439e-05,2.439e-05,2.344e-05,2.395e-05,35600631058.0
2023-08-25,2.395e-05,2.403e-05,2.328e-05,2.402e-05,34245613386.0
2023-08-26,2.403e-05,2.409e-05,2.358e-05,2.365e-05,15376578449.0
2023-08-27,2.365e-05,2.418e-05,2.364e-05,2.41e-05,31432847463.0
2023-08-28,2.411e-05,2.411e-05,2.323e-05,2.379e-05,30492733912.0
2023-08-29,2.383e-05,2.646e-05,2.32e-05,2.575e-05,172422068670.0
2023-08-30,2.576e-05,2.581e-05,2.452e-05,2.497e-05,59296584149.0
2023-08-31,2.498e-05,2.523e-05,2.35e-05,2.359e-05,71376220362.0
2023-09-01,2.359e-05,2.378e-05,2.283e-05,2.315e-05,38807323704.0
2023-09-02,2.314e-05,2.327e-05,2.274e-05,2.308e-05,28226803705.0
2023-09-03,2.309e-05,2.339e-05,2.295e-05,2.324e-05,30293114067.0
2023-09-04,2.325e-05,2.352e-05,2.279e-05,2.314e-05,38990073423.0
2023-09-05,2.314e-05,2.343e-05,2.288e-05,2.321e-05,24864337252.0
2023-09-06,2.322e-05,2.339e-05,2.263e-05,2.323e-05,33847829115.0
2023-09-07,2.324e-05,2.343e-05,2.291e-05,2.337e-05,19248440943.0
2023-09-08,2.338e-05,2.355e-05,2.297e-05,2.331e-05,23622515866.0
2023-09-09,2.331e-05,2.376e-05,2.317e-05,2.343e-05,38013240265.0
2023-09-10,2.343e-05,2.343e-05,2.204e-05,2.286e-05,52183663776.0
2023-09-11,2.289e-05,2.294e-05,2.156e-05,2.189e-05,45768897508.0
2023-09-12,2.19e-05,2.364e-05,2.17e-05,2.247e-05,105707312000.0
2023-09-13,2.246e-05,2.312e-05,2.236e-05,2.285e-05,49763093704.0
2023-09-14,2.288e-05,2.368e-05,2.276e-05,2.349e-05,55562972359.0
2023-09-15,2.35e-05,2.407e-05,2.336e-05,2.395e-05,58329815266.0
2023-09-16,2.395e-05,2.423e-05,2.349e-05,2.363e-05,30017972321.0
2023-09-17,2.362e-05,2.362e-05,2.233e-05,2.257e-05,39856892912.0
2023-09-18,2.257e-05,2.93e-05,2.254e-05,2.53e-05,795932366819.0
2023-09-19,2.53e-05,2.748e-05,2.526e-05,2.646e-05,351907555644.0
2023-09-20,2.645e-05,2.703e-05,2.483e-05,2.517e-05,127316337540.0
2023-09-21,2.519e-05,2.527e-05,2.366e-05,2.392e-05,253810513488.0
2023-09-22,2.391e-05,2.45e-05,2.37e-05,2.445e-05,50975506265.0
2023-09-23,2.445e-05,2.458e-05,2.418e-05,2.45e-05,39622625338.0
2023-09-24,2.452e-05,2.518e-05,2.377e-05,2.392e-05,71080534527.0
2023-09-25,2.393e-05,2.458e-05,2.363e-05,2.415e-05,52021907182.0
2023-09-26,2.415e-05,2.45e-05,2.363e-05,2.388e-05,35164350994.0
2023-09-27,2.387e-05,2.538e-05,2.343e-05,2.461e-05,169253313599.0
2023-09-28,2.462e-05,2.541e-05,2.435e-05,2.523e-05,91508145127.0
2023-09-29,2.524e-05,2.529e-05,2.443e-05,2.466e-05,57180469929.0
2023-09-30,2.465e-05,2.469e-05,2.445e-05,2.458e-05,20646204715.0
2023-10-01,2.458e-05,2.563e-05,2.454e-05,2.548e-05,46940343973.0
2023-10-02,2.55e-05,2.83e-05,2.55e-05,2.667e-05,485369217919.0
2023-10-03,2.667e-05,2.82e-05,2.49e-05,2.504e-05,183112033853.0
2023-10-04,2.504e-05,2.542e-05,2.407e-05,2.518e-05,66137969434.0
2023-10-05,2.518e-05,2.526e-05,2.446e-05,2.469e-05,54474920764.0
2023-10-06,2.471e-05,2.525e-05,2.446e-05,2.506e-05,32425281580.0
2023-10-07,2.508e-05,2.509e-05,2.47e-05,2.478e-05,16813814113.0
2023-10-08,2.478e-05,2.481e-05,2.436e-05,2.455e-05,20944166463.0
2023-10-09,2.454e-05,2.467e-05,2.31e-05,2.358e-05,44622961970.0
2023-10-10,2.359e-05,2.385e-05,2.337e-05,2.361e-05,41236622005.0
2023-10-11,2.36e-05,2.508e-05,2.346e-05,2.406e-05,247811660086.0
2023-10-12,2.407e-05,2.424e-05,2.362e-05,2.414e-05,66384878019.0
2023-10-13,2.415e-05,2.443e-05,2.381e-05,2.412e-05,45891789916.0
2023-10-14,2.412e-05,2.425e-05,2.382e-05,2.39e-05,28569359201.0
2023-10-15,2.39e-05,2.422e-05,2.371e-05,2.407e-05,40255938719.0
2023-10-16,2.408e-05,2.673e-05,2.402e-05,2.51e-05,269277597666.0
2023-10-17,2.511e-05,2.535e-05,2.422e-05,2.476e-05,124395625713.0
2023-10-18,2.477e-05,2.547e-05,2.444e-05,2.474e-05,144031336101.0
2023-10-19,2.473e-05,2.588e-05,2.448e-05,2.533e-05,108498277386.0
2023-10-20,2.533e-05,2.9e-05,2.498e-05,2.729e-05,254315748646.0
2023-10-21,2.73e-05,2.83e-05,2.637e-05,2.732e-05,93502150855.0
2023-10-22,2.732e-05,2.803e-05,2.619e-05,2.681e-05,68913500554.0
2023-10-23,2.682e-05,2.94e-05,2.659e-05,2.91e-05,111589794873.0
2023-10-24,2.911e-05,3.053e-05,2.734e-05,2.817e-05,181494999444.0
2023-10-25,2.819e-05,2.853e-05,2.709e-05,2.793e-05,80691244105.0
2023-10-26,2.793e-05,2.835e-05,2.657e-05,2.73e-05,106222331564.0
2023-10-27,2.728e-05,2.754e-05,2.651e-05,2.705e-05,62139279915.0
2023-10-28,2.705e-05,2.816e-05,2.703e-05,2.799e-05,54392702077.0
2023-10-29,2.798e-05,2.883e-05,2.79e-05,2.856e-05,72117266892.0
2023-10-30,2.856e-05,2.87e-05,2.791e-05,2.844e-05,58471394825.0
2023-10-31,2.844e-05,2.895e-05,2.679e-05,2.807e-05,92227331052.0
2023-11-01,2.806e-05,2.887e-05,2.71e-05,2.865e-05,81390237743.0
2023-11-02,2.867e-05,2.946e-05,2.746e-05,2.833e-05,97922721176.0
2023-11-03,2.837e-05,2.853e-05,2.749e-05,2.845e-05,58888448761.0
2023-11-04,2.846e-05,2.936e-05,2.819e-05,2.919e-05,53889590048.0
2023-11-05,2.92e-05,3.041e-05,2.894e-05,2.972e-05,90543735692.0
2023-11-06,2.976e-05,3.082e-05,2.879e-05,3.045e-05,81721841356.0
2023-11-07,3.045e-05,3.101e-05,2.903e-05,3.041e-05,111257681287.0
2023-11-08,3.041e-05,3.176e-05,3.003e-05,3.134e-05,84495350525.0
2023-11-09,3.135e-05,3.381e-05,2.784e-05,3.083e-05,220293256427.0
2023-11-10,3.083e-05,3.18e-05,3.027e-05,3.16e-05,101825623299.0
2023-11-11,3.161e-05,3.179e-05,3.03e-05,3.117e-05,103281396310.0
2023-11-12,3.115e-05,3.244e-05,3.057e-05,3.217e-05,140177411895.0
2023-11-13,3.215e-05,3.3e-05,3.106e-05,3.124e-05,105787551233.0
2023-11-14,3.125e-05,3.255e-05,2.939e-05,3.04e-05,107561479060.0
2023-11-15,3.041e-05,3.155e-05,3.01e-05,3.148e-05,74525987165.0
2023-11-16,3.147e-05,3.169e-05,2.933e-05,2.975e-05,95740049939.0
2023-11-17,2.978e-05,3.031e-05,2.83e-05,2.965e-05,65845095653.0
2023-11-18,2.964e-05,2.964e-05,2.774e-05,2.915e-05,41808608600.0
2023-11-19,2.914e-05,2.998e-05,2.859e-05,2.99e-05,45800346385.0
2023-11-20,2.992e-05,3.022e-05,2.929e-05,2.949e-05,41324199825.0
2023-11-21,2.95e-05,2.988e-05,2.705e-05,2.72e-05,67837751876.0
2023-11-22,2.716e-05,2.887e-05,2.704e-05,2.869e-05,54601397717.0
2023-11-23,2.867e-05,2.884e-05,2.796e-05,2.858e-05,41544147724.0
2023-11-24,2.858e-05,2.959e-05,2.843e-05,2.91e-05,49516159666.0
2023-11-25,2.911e-05,3.094e-05,2.896e-05,2.987e-05,110210744815.0
2023-11-26,2.987e-05,2.99e-05,2.84e-05,2.926e-05,64424665814.0
2023-11-27,2.927e-05,2.941e-05,2.8e-05,2.85e-05,62169097894.0
2023-11-28,2.851e-05,2.924e-05,2.784e-05,2.886e-05,59001111301.0
2023-11-29,2.887e-05,2.922e-05,2.864e-05,2.89e-05,40670491482.0
2023-11-30,2.891e-05,2.892e-05,2.849e-05,2.87e-05,27792932439.0
2023-12-01,2.873e-05,2.932e-05,2.859e-05,2.926e-05,41038877462.0
2023-12-02,2.928e-05,3.155e-05,2.92e-05,3.014e-05,147163280305.0
2023-12-03,3.015e-05,3.188e-05,3.015e-05,3.086e-05,138866746085.0
2023-12-04,3.084e-05,3.24e-05,2.85e-05,3.139e-05,161894901257.0
2023-12-05,3.142e-05,3.142e-05,3.016e-05,3.104e-05,96213484804.0
2023-12-06,3.107e-05,3.68e-05,3.027e-05,3.592e-05,849538716500.0
2023-12-07,3.588e-05,3.595e-05,3.203e-05,3.35e-05,226597536543.0
2023-12-08,3.349e-05,3.512e-05,3.3e-05,3.441e-05,166718732768.0
2023-12-09,3.443e-05,3.48e-05,3.345e-05,3.368e-05,98588112980.0
2023-12-10,3.367e-05,3.78e-05,3.274e-05,3.609e-05,362759923814.0
2023-12-11,3.609e-05,3.926e-05,3.234e-05,3.521e-05,427559550338.0
2023-12-12,3.516e-05,3.637e-05,3.308e-05,3.41e-05,153425703251.0
2023-12-13,3.409e-05,3.462e-05,3.177e-05,3.43e-05,91611213457.0
2023-12-14,3.432e-05,3.45e-05,3.299e-05,3.426e-05,83187632416.0
2023-12-15,3.424e-05,3.571e-05,3.298e-05,3.316e-05,112858590011.0
2023-12-16,3.315e-05,3.431e-05,3.226e-05,3.422e-05,67275310503.0
2023-12-17,3.422e-05,3.43e-05,3.268e-05,3.283e-05,60721768088.0
2023-12-18,3.283e-05,3.295e-05,3.008e-05,3.231e-05,81463607907.0
2023-12-19,3.23e-05,3.281e-05,3.137e-05,3.17e-05,50271457455.0
2023-12-20,3.17e-05,3.367e-05,3.163e-05,3.303e-05,71156794461.0
2023-12-21,3.305e-05,3.352e-05,3.257e-05,3.335e-05,65414515863.0
2023-12-22,3.335e-05,3.418e-05,3.308e-05,3.383e-05,98084844656.0
2023-12-23,3.382e-05,3.388e-05,3.276e-05,3.347e-05,41753266366.0
2023-12-24,3.347e-05,3.356e-05,3.206e-05,3.251e-05,84629539214.0
2023-12-25,3.251e-05,3.397e-05,3.214e-05,3.374e-05,89693047453.0
2023-12-26,3.374e-05,3.376e-05,3.036e-05,3.242e-05,116928689318.0
2023-12-27,3.241e-05,4.044e-05,3.153e-05,4.018e-05,569224259235.0
2023-12-28,4.019e-05,4.2e-05,3.729e-05,3.815e-05,756758432717.0
2023-12-29,3.813e-05,4.041e-05,3.575e-05,3.748e-05,292849497512.0
2023-12-30,3.746e-05,4.104e-05,3.71e-05,3.877e-05,285079801914.0
2023-12-31,3.879e-05,3.952e-05,3.636e-05,3.733e-05,132340753584.0
2024-01-01,3.732e-05,3.933e-05,3.628e-05,3.843e-05,121852651561.0
2024-01-02,3.841e-05,4e-05,3.743e-05,3.782e-05,102743713109.0
2024-01-03,3.781e-05,3.834e-05,3.061e-05,3.384e-05,167454285024.0
2024-01-04,3.384e-05,3.64e-05,3.317e-05,3.561e-05,219654198875.0
2024-01-05,3.567e-05,3.57e-05,3.279e-05,3.422e-05,80740607963.0
2024-01-06,3.421e-05,3.495e-05,3.236e-05,3.373e-05,68025508129.0
2024-01-07,3.374e-05,3.406e-05,3.123e-05,3.184e-05,42147847027.0
2024-01-08,3.183e-05,3.56e-05,2.957e-05,3.487e-05,118495094659.0
2024-01-09,3.487e-05,3.701e-05,3.276e-05,3.386e-05,245727855161.0
2024-01-10,3.386e-05,3.682e-05,3.306e-05,3.578e-05,167015889455.0
2024-01-11,3.58e-05,3.953e-05,3.478e-05,3.72e-05,160348455968.0
2024-01-12,3.719e-05,3.911e-05,3.378e-05,3.505e-05,167263195813.0
2024-01-13,3.504e-05,3.537e-05,3.399e-05,3.504e-05,62430650521.0
2024-01-14,3.505e-05,3.58e-05,3.374e-05,3.384e-05,68737482869.0
2024-01-15,3.384e-05,3.471e-05,3.372e-05,3.419e-05,48542953538.0
2024-01-16,3.421e-05,3.482e-05,3.359e-05,3.452e-05,50554479800.0
2024-01-17,3.454e-05,3.461e-05,3.334e-05,3.367e-05,46583858487.0
2024-01-18,3.367e-05,3.378e-05,3.165e-05,3.219e-05,49455640585.0
2024-01-19,3.219e-05,3.23e-05,3.026e-05,3.201e-05,47132446923.0
2024-01-20,3.201e-05,3.219e-05,3.145e-05,3.217e-05,25004948789.0
2024-01-21,3.217e-05,3.328e-05,3.202e-05,3.205e-05,45871783527.0
2024-01-22,3.208e-05,3.221e-05,3.003e-05,3.025e-05,53612944614.0
2024-01-23,3.026e-05,3.095e-05,2.854e-05,3.024e-05,65300849185.0
2024-01-24,3.025e-05,3.066e-05,2.967e-05,3.05e-05,39590754746.0
2024-01-25,3.052e-05,3.053e-05,2.941e-05,2.995e-05,27912436607.0
2024-01-26,2.995e-05,3.127e-05,2.967e-05,3.102e-05,41469412872.0
2024-01-27,3.103e-05,3.256e-05,3.101e-05,3.179e-05,71382469344.0
2024-01-28,3.179e-05,3.203e-05,3.075e-05,3.089e-05,32827507152.0
2024-01-29,3.088e-05,3.166e-05,3.042e-05,3.159e-05,31676613490.0
2024-01-30,3.157e-05,3.17e-05,3.057e-05,3.073e-05,31260800405.0
2024-01-31,3.071e-05,3.085e-05,2.953e-05,2.974e-05,38351665748.0
2024-02-01,2.977e-05,3.016e-05,2.916e-05,3.005e-05,23975852639.0
2024-02-02,3.005e-05,3.043e-05,2.965e-05,3.038e-05,22471814113.0
2024-02-03,3.037e-05,3.105e-05,3.015e-05,3.031e-05,29966435479.0
2024-02-04,3.03e-05,3.033e-05,2.96e-05,2.975e-05,20731870123.0
2024-02-05,2.976e-05,3.015e-05,2.928e-05,2.973e-05,19427481180.0
2024-02-06,2.972e-05,2.99e-05,2.94e-05,2.972e-05,17505842374.0
2024-02-07,2.973e-05,3.031e-05,2.9e-05,3.014e-05,35603316177.0
2024-02-08,3.014e-05,3.381e-05,3.01e-05,3.211e-05,288736717880.0
2024-02-09,3.209e-05,3.499e-05,3.195e-05,3.349e-05,195738811460.0
2024-02-10,3.349e-05,3.45e-05,3.218e-05,3.273e-05,66857680318.0
2024-02-11,3.273e-05,3.45e-05,3.258e-05,3.32e-05,93395022001.0
2024-02-12,3.319e-05,3.416e-05,3.248e-05,3.359e-05,57416303316.0
2024-02-13,3.362e-05,3.445e-05,3.231e-05,3.306e-05,55696787079.0
2024-02-14,3.306e-05,3.44e-05,3.277e-05,3.388e-05,79986319320.0
2024-02-15,3.388e-05,3.469e-05,3.328e-05,3.442e-05,110211995551.0
2024-02-16,3.443e-05,3.49e-05,3.319e-05,3.397e-05,72912327150.0
2024-02-17,3.4e-05,3.404e-05,3.226e-05,3.317e-05,49480181178.0
2024-02-18,3.318e-05,3.478e-05,3.297e-05,3.396e-05,91217186095.0
2024-02-19,3.399e-05,3.458e-05,3.376e-05,3.429e-05,65117911854.0
2024-02-20,3.432e-05,3.465e-05,3.23e-05,3.376e-05,120939610376.0
2024-02-21,3.379e-05,3.38e-05,3.162e-05,3.27e-05,74923990616.0
2024-02-22,3.27e-05,3.371e-05,3.2e-05,3.263e-05,73073687445.0
2024-02-23,3.263e-05,3.294e-05,3.179e-05,3.242e-05,70971374292.0
2024-02-24,3.242e-05,3.315e-05,3.195e-05,3.306e-05,44583112278.0
2024-02-25,3.307e-05,3.364e-05,3.265e-05,3.343e-05,59746591665.0
2024-02-26,3.341e-05,3.488e-05,3.247e-05,3.472e-05,117437421416.0
2024-02-27,3.472e-05,3.662e-05,3.456e-05,3.544e-05,213036587002.0
2024-02-28,3.544e-05,3.714e-05,3.267e-05,3.599e-05,219632736569.0
2024-02-29,3.599e-05,4.058e-05,3.542e-05,3.654e-05,316006616199.0
2024-03-01,3.655e-05,4.011e-05,3.623e-05,3.934e-05,175777378873.0
2024-03-02,3.936e-05,4.974e-05,3.906e-05,4.718e-05,810952778667.0
2024-03-03,4.719e-05,4.989e-05,4.009e-05,4.481e-05,365167183499.0
2024-03-04,4.482e-05,0.00011,4.336e-05,6.758e-05,2321346574660.0
2024-03-05,6.747e-05,8.687e-05,5.4e-05,6.87e-05,3042700652869.0
2024-03-06,6.865e-05,7.192e-05,6.2e-05,6.481e-05,821490898953.0
2024-03-07,6.488e-05,6.956e-05,6.073e-05,6.333e-05,305603445480.0
2024-03-08,6.335e-05,6.93e-05,6.19e-05,6.741e-05,417914612374.0
2024-03-09,6.741e-05,7.75e-05,6.672e-05,6.884e-05,414231910355.0
2024-03-10,6.885e-05,6.998e-05,6.322e-05,6.457e-05,212187356593.0
2024-03-11,6.457e-05,6.879e-05,6.012e-05,6.672e-05,257301380002.0
2024-03-12,6.67e-05,6.788e-05,5.966e-05,6.391e-05,173489324721.0
2024-03-13,6.392e-05,6.809e-05,6.3e-05,6.556e-05,213100407639.0
2024-03-14,6.554e-05,6.804e-05,6.024e-05,6.394e-05,249095693475.0
2024-03-15,6.395e-05,6.431e-05,5.384e-05,5.886e-05,278888585296.0
2024-03-16,5.886e-05,6.046e-05,4.981e-05,5.147e-05,173268228429.0
2024-03-17,5.153e-05,5.549e-05,4.829e-05,5.476e-05,222065554855.0
2024-03-18,5.476e-05,5.477e-05,4.986e-05,5.085e-05,140018772217.0
2024-03-19,5.088e-05,5.281e-05,4.444e-05,4.641e-05,321439232831.0
2024-03-20,4.638e-05,5.163e-05,4.423e-05,5.158e-05,248640409800.0
2024-03-21,5.156e-05,5.368e-05,4.965e-05,5.14e-05,209417805104.0
2024-03-22,5.139e-05,5.223e-05,4.828e-05,5.149e-05,154625900960.0
2024-03-23,5.147e-05,6.939e-05,5.014e-05,6.507e-05,1579761361085.0
2024-03-24,6.507e-05,7.496e-05,6.098e-05,6.988e-05,1409059131599.0
2024-03-25,6.987e-05,7.136e-05,6.675e-05,6.874e-05,423934543106.0
2024-03-26,6.875e-05,7.037e-05,6.568e-05,6.666e-05,281396037957.0
2024-03-27,6.663e-05,6.775e-05,6.283e-05,6.673e-05,264228925182.0
2024-03-28,6.671e-05,6.819e-05,6.35e-05,6.607e-05,226639999761.0
2024-03-29,6.607e-05,7.167e-05,6.597e-05,6.918e-05,476536884849.0
2024-03-30,6.916e-05,6.919e-05,6.466e-05,6.503e-05,127715855595.0
2024-03-31,6.504e-05,7.135e-05,6.417e-05,6.777e-05,172251173145.0
2024-04-01,6.779e-05,7.487e-05,6.378e-05,6.759e-05,460340346264.0
2024-04-02,6.759e-05,6.838e-05,6.02e-05,6.145e-05,220553665655.0
2024-04-03,6.147e-05,6.496e-05,5.93e-05,6.153e-05,147910746939.0
2024-04-04,6.154e-05,6.749e-05,6.09e-05,6.608e-05,222057968254.0
2024-04-05,6.604e-05,7.204e-05,6.545e-05,7.015e-05,581774980602.0
2024-04-06,7.015e-05,8.163e-05,6.907e-05,8.016e-05,659438058594.0
2024-04-07,8.016e-05,8.577e-05,7.596e-05,7.694e-05,544445531631.0
2024-04-08,7.689e-05,7.927e-05,7.385e-05,7.714e-05,271712056147.0
2024-04-09,7.715e-05,7.744e-05,7.197e-05,7.304e-05,186337201198.0
2024-04-10,7.299e-05,7.421e-05,6.772e-05,7.327e-05,196092414816.0
2024-04-11,7.327e-05,7.464e-05,6.979e-05,7.063e-05,195451733103.0
2024-04-12,7.066e-05,7.067e-05,5.201e-05,5.919e-05,282160618617.0
2024-04-13,5.918e-05,6.328e-05,4.567e-05,5.366e-05,508761009618.0
2024-04-14,5.362e-05,5.741e-05,5.015e-05,5.699e-05,242115234983.0
2024-04-15,5.698e-05,5.893e-05,5.138e-05,5.346e-05,147562780600.0
2024-04-16,5.348e-05,5.367e-05,4.99e-05,5.229e-05,90898476573.0
2024-04-17,5.229e-05,5.309e-05,4.809e-05,4.966e-05,89957616042.0
2024-04-18,4.968e-05,5.196e-05,4.8e-05,5.146e-05,65257675271.0
2024-04-19,5.146e-05,5.185e-05,4.665e-05,5.051e-05,93525447765.0
2024-04-20,5.052e-05,5.583e-05,5.013e-05,5.479e-05,77464395814.0
2024-04-21,5.478e-05,5.606e-05,5.282e-05,5.39e-05,82988908567.0
2024-04-22,5.39e-05,5.716e-05,5.338e-05,5.581e-05,78112443637.0
2024-04-23,5.581e-05,5.647e-05,5.407e-05,5.49e-05,67110683133.0
2024-04-24,5.49e-05,5.6e-05,5.113e-05,5.178e-05,89266575851.0
2024-04-25,5.179e-05,5.261e-05,4.968e-05,5.156e-05,53575778312.0
2024-04-26,5.154e-05,5.448e-05,5.102e-05,5.206e-05,153766097483.0
2024-04-27,5.207e-05,5.243e-05,4.95e-05,5.154e-05,49317359986.0
2024-04-28,5.155e-05,5.227e-05,4.987e-05,5.023e-05,46351731311.0
2024-04-29,5.026e-05,5.044e-05,4.802e-05,4.977e-05,62559860722.0
2024-04-30,4.973e-05,5.026e-05,4.518e-05,4.663e-05,64750879364.0
2024-05-01,4.661e-05,4.67e-05,4.213e-05,4.549e-05,110451840971.0
2024-05-02,4.55e-05,4.696e-05,4.35e-05,4.579e-05,62303596532.0
2024-05-03,4.58e-05,4.953e-05,4.543e-05,4.901e-05,86194404217.0
2024-05-04,4.899e-05,5.2e-05,4.884e-05,5.063e-05,99757328043.0
2024-05-05,5.061e-05,5.119e-05,4.892e-05,5.016e-05,47687081943.0
2024-05-06,5.019e-05,5.23e-05,4.893e-05,4.898e-05,77011232877.0
2024-05-07,4.897e-05,5.2e-05,4.817e-05,4.821e-05,61703356175.0
2024-05-08,4.82e-05,4.914e-05,4.685e-05,4.721e-05,51838060288.0
2024-05-09,4.72e-05,4.899e-05,4.614e-05,4.853e-05,42656250410.0
2024-05-10,4.852e-05,4.878e-05,4.539e-05,4.584e-05,46172321817.0
2024-05-11,4.586e-05,4.673e-05,4.555e-05,4.591e-05,29343196444.0
2024-05-12,4.588e-05,4.625e-05,4.502e-05,4.547e-05,29065301743.0
2024-05-13,4.547e-05,4.728e-05,4.306e-05,4.539e-05,65162886975.0
2024-05-14,4.539e-05,5.05e-05,4.471e-05,4.592e-05,188489053881.0
2024-05-15,4.594e-05,4.924e-05,4.482e-05,4.897e-05,79903875271.0
2024-05-16,4.897e-05,4.967e-05,4.665e-05,4.736e-05,78392025115.0
2024-05-17,4.737e-05,4.958e-05,4.685e-05,4.883e-05,43199853635.0
2024-05-18,4.882e-05,5.072e-05,4.842e-05,4.972e-05,58775788834.0
2024-05-19,4.972e-05,5.325e-05,4.898e-05,4.953e-05,146162890596.0
2024-05-20,4.954e-05,5.313e-05,4.809e-05,5.309e-05,78012836772.0
2024-05-21,5.31e-05,5.457e-05,5.136e-05,5.223e-05,98231844781.0
2024-05-22,5.221e-05,5.308e-05,5.02e-05,5.078e-05,56337785362.0
2024-05-23,5.078e-05,5.136e-05,4.662e-05,4.908e-05,76623450249.0
2024-05-24,4.907e-05,4.97e-05,4.741e-05,4.949e-05,44035782384.0
2024-05-25,4.945e-05,5.08e-05,4.925e-05,4.975e-05,34850385728.0
2024-05-26,4.976e-05,4.988e-05,4.773e-05,4.829e-05,43986014021.0
2024-05-27,4.829e-05,5.033e-05,4.78e-05,4.957e-05,61344950486.0
2024-05-28,4.957e-05,4.965e-05,4.725e-05,4.832e-05,64530276221.0
2024-05-29,4.832e-05,4.954e-05,4.732e-05,4.758e-05,59023968188.0
2024-05-30,4.757e-05,4.834e-05,4.601e-05,4.706e-05,74116047332.0
2024-05-31,4.706e-05,4.726e-05,4.569e-05,4.625e-05,39515474796.0
2024-06-01,4.625e-05,4.665e-05,4.602e-05,4.646e-05,17601934036.0
2024-06-02,4.647e-05,4.67e-05,4.5e-05,4.573e-05,38542046911.0
2024-06-03,4.57e-05,4.701e-05,4.513e-05,4.605e-05,46571607112.0
2024-06-04,4.601e-05,4.707e-05,4.509e-05,4.69e-05,42413227821.0
2024-06-05,4.69e-05,4.787e-05,4.66e-05,4.746e-05,35881527621.0
2024-06-06,4.746e-05,4.761e-05,4.555e-05,4.598e-05,36780908784.0
2024-06-07,4.598e-05,4.753e-05,3.96e-05,4.312e-05,107052850958.0
2024-06-08,4.312e-05,4.32e-05,4.123e-05,4.16e-05,47257267225.0
2024-06-09,4.159e-05,4.271e-05,4.091e-05,4.256e-05,27662130010.0
2024-06-10,4.255e-05,4.266e-05,4.074e-05,4.11e-05,28752050342.0
2024-06-11,4.109e-05,4.125e-05,3.859e-05,3.912e-05,66375724588.0
2024-06-12,3.913e-05,4.198e-05,3.815e-05,4.06e-05,43693123399.0
2024-06-13,4.06e-05,4.068e-05,3.844e-05,3.871e-05,35335378607.0
2024-06-14,3.873e-05,3.961e-05,3.663e-05,3.723e-05,41601453993.0
2024-06-15,3.725e-05,3.775e-05,3.7e-05,3.731e-05,20265832359.0
2024-06-16,3.732e-05,3.732e-05,3.633e-05,3.657e-05,25670098829.0
2024-06-17,3.655e-05,3.655e-05,3.215e-05,3.327e-05,69746971323.0
2024-06-18,3.326e-05,3.341e-05,2.93e-05,3.128e-05,99143087703.0
2024-06-19,3.125e-05,3.25e-05,3.092e-05,3.183e-05,36275070217.0
2024-06-20,3.182e-05,3.353e-05,3.156e-05,3.194e-05,53048529202.0
2024-06-21,3.197e-05,3.233e-05,3.095e-05,3.128e-05,27425149866.0
2024-06-22,3.13e-05,3.396e-05,3.098e-05,3.249e-05,135123099281.0
2024-06-23,3.25e-05,3.306e-05,3.111e-05,3.13e-05,58413114178.0
2024-06-24,3.131e-05,3.169e-05,2.931e-05,3.156e-05,66661395186.0
2024-06-25,3.154e-05,3.332e-05,3.139e-05,3.267e-05,39554346214.0
2024-06-26,3.266e-05,3.317e-05,3.167e-05,3.202e-05,30742315521.0
2024-06-27,3.202e-05,3.299e-05,3.105e-05,3.248e-05,35853312943.0
2024-06-28,3.248e-05,3.322e-05,3.148e-05,3.155e-05,35132950047.0
2024-06-29,3.154e-05,3.221e-05,3.1e-05,3.124e-05,20256929645.0
2024-06-30,3.122e-05,3.243e-05,3.045e-05,3.237e-05,36825828046.0
2024-07-01,3.239e-05,3.276e-05,3.169e-05,3.186e-05,29436297747.0
2024-07-02,3.187e-05,3.232e-05,3.141e-05,3.188e-05,24744887116.0
2024-07-03,3.189e-05,3.201e-05,2.962e-05,3.027e-05,51653070982.0
2024-07-04,3.028e-05,3.04e-05,2.778e-05,2.799e-05,68418780382.0
2024-07-05,2.799e-05,2.938e-05,2.474e-05,2.919e-05,142862311051.0
2024-07-06,2.918e-05,3.079e-05,2.86e-05,3.054e-05,85264939038.0
2024-07-07,3.055e-05,3.087e-05,2.839e-05,2.856e-05,54299584007.0
2024-07-08,2.856e-05,3.036e-05,2.724e-05,2.942e-05,71356148208.0
2024-07-09,2.941e-05,3.02e-05,2.902e-05,3.001e-05,30720360396.0
2024-07-10,3.001e-05,3.368e-05,2.952e-05,3.133e-05,164702258903.0
2024-07-11,3.133e-05,3.3e-05,2.995e-05,3.009e-05,162208125880.0
2024-07-12,3.009e-05,3.045e-05,2.928e-05,3.045e-05,50117020005.0
2024-07-13,3.046e-05,3.118e-05,3.027e-05,3.102e-05,49343677285.0
2024-07-14,3.101e-05,3.175e-05,3.073e-05,3.15e-05,44810109593.0
2024-07-15,3.149e-05,3.659e-05,3.141e-05,3.626e-05,351789561317.0
2024-07-16,3.624e-05,3.832e-05,3.503e-05,3.751e-05,211226311432.0
2024-07-17,3.747e-05,3.795e-05,3.624e-05,3.649e-05,78578046764.0
2024-07-18,3.649e-05,3.691e-05,3.475e-05,3.56e-05,64223650625.0
2024-07-19,3.561e-05,3.68e-05,3.464e-05,3.638e-05,46959255011.0
2024-07-20,3.639e-05,3.688e-05,3.569e-05,3.645e-05,28123288055.0
2024-07-21,3.646e-05,3.692e-05,3.489e-05,3.666e-05,32580075521.0
2024-07-22,3.668e-05,3.688e-05,3.492e-05,3.519e-05,30507712053.0
2024-07-23,3.517e-05,3.57e-05,3.338e-05,3.391e-05,38513815765.0
2024-07-24,3.392e-05,3.568e-05,3.356e-05,3.378e-05,28809688908.0
2024-07-25,3.379e-05,3.386e-05,3.181e-05,3.345e-05,40502878232.0
2024-07-26,3.342e-05,3.515e-05,3.338e-05,3.512e-05,27727911934.0
2024-07-27,3.511e-05,4.188e-05,3.508e-05,3.95e-05,581908942503.0
2024-07-28,3.949e-05,4.069e-05,3.723e-05,3.854e-05,186973447916.0
2024-07-29,3.856e-05,4.358e-05,3.764e-05,4.019e-05,303212677780.0
2024-07-30,4.019e-05,4.13e-05,3.828e-05,3.914e-05,124237170856.0
2024-07-31,3.911e-05,3.948e-05,3.671e-05,3.72e-05,51895099246.0
2024-08-01,3.718e-05,4.003e-05,3.545e-05,3.786e-05,171840306834.0
2024-08-02,3.787e-05,3.908e-05,3.398e-05,3.433e-05,131549278441.0
2024-08-03,3.433e-05,3.634e-05,3.25e-05,3.404e-05,117840390616.0
2024-08-04,3.403e-05,3.551e-05,3.155e-05,3.163e-05,119313914296.0
2024-08-05,3.164e-05,3.183e-05,2.545e-05,2.857e-05,344828692177.0
2024-08-06,2.854e-05,3.052e-05,2.846e-05,2.974e-05,100955318514.0
2024-08-07,2.97e-05,3.16e-05,2.851e-05,2.89e-05,115818625925.0
2024-08-08,2.896e-05,3.28e-05,2.875e-05,3.248e-05,113709692678.0
2024-08-09,3.248e-05,3.254e-05,3.111e-05,3.199e-05,50369913080.0
2024-08-10,3.2e-05,3.239e-05,3.134e-05,3.205e-05,33016256394.0
2024-08-11,3.205e-05,3.253e-05,2.972e-05,2.998e-05,40592436758.0
2024-08-12,2.998e-05,3.168e-05,2.993e-05,3.139e-05,68524326247.0
2024-08-13,3.141e-05,3.226e-05,3.055e-05,3.18e-05,41714483414.0
2024-08-14,3.179e-05,3.211e-05,3.061e-05,3.105e-05,37749191351.0
2024-08-15,3.101e-05,3.279e-05,3.017e-05,3.075e-05,154311214107.0
2024-08-16,3.073e-05,3.197e-05,3.013e-05,3.098e-05,55721812997.0
2024-08-17,3.095e-05,3.119e-05,3.035e-05,3.085e-05,32469281639.0
2024-08-18,3.086e-05,3.149e-05,3.057e-05,3.059e-05,31786693201.0
2024-08-19,3.058e-05,3.142e-05,3.027e-05,3.135e-05,33995724734.0
2024-08-20,3.135e-05,3.332e-05,3.119e-05,3.234e-05,90900651870.0
2024-08-21,3.235e-05,3.482e-05,3.235e-05,3.427e-05,239780156828.0
2024-08-22,3.431e-05,3.51e-05,3.341e-05,3.432e-05,85869410748.0
2024-08-23,3.433e-05,3.66e-05,3.397e-05,3.623e-05,69162784741.0
2024-08-24,3.623e-05,3.663e-05,3.528e-05,3.595e-05,84985153887.0
2024-08-25,3.595e-05,3.622e-05,3.424e-05,3.492e-05,38328754095.0
2024-08-26,3.492e-05,3.558e-05,3.302e-05,3.313e-05,36843982817.0
2024-08-27,3.313e-05,3.386e-05,3.078e-05,3.131e-05,46675809354.0
2024-08-28,3.131e-05,3.251e-05,3.031e-05,3.122e-05,58062084782.0
2024-08-29,3.122e-05,3.232e-05,3.08e-05,3.124e-05,24877708289.0
2024-08-30,3.121e-05,3.14e-05,2.986e-05,3.112e-05,27283126718.0
2024-08-31,3.111e-05,3.13e-05,3.051e-05,3.056e-05,15732775576.0
2024-09-01,3.057e-05,3.07e-05,2.901e-05,2.931e-05,26512323721.0
2024-09-02,2.926e-05,3.084e-05,2.926e-05,3.062e-05,32230384886.0
2024-09-03,3.064e-05,3.111e-05,2.961e-05,2.968e-05,44304484143.0
2024-09-04,2.968e-05,3.082e-05,2.831e-05,3.018e-05,43115211777.0
2024-09-05,3.018e-05,3.055e-05,2.914e-05,2.945e-05,27866813411.0
2024-09-06,2.943e-05,3.038e-05,2.77e-05,2.892e-05,44402853959.0
2024-09-07,2.891e-05,2.983e-05,2.873e-05,2.932e-05,20302572127.0
2024-09-08,2.933e-05,3.125e-05,2.917e-05,3.062e-05,105528469214.0
2024-09-09,3.063e-05,3.202e-05,3.049e-05,3.168e-05,84203179594.0
2024-09-10,3.168e-05,3.213e-05,3.111e-05,3.189e-05,38145483759.0
2024-09-11,3.19e-05,3.264e-05,3.065e-05,3.181e-05,57834942987.0
2024-09-12,3.182e-05,3.221e-05,3.129e-05,3.19e-05,29401819047.0
2024-09-13,3.19e-05,3.272e-05,3.142e-05,3.262e-05,29113822994.0
2024-09-14,3.264e-05,3.311e-05,3.156e-05,3.198e-05,38368115025.0
2024-09-15,3.198e-05,3.215e-05,3.049e-05,3.077e-05,32002389244.0
2024-09-16,3.077e-05,3.108e-05,3.002e-05,3.037e-05,29123582224.0
2024-09-17,3.036e-05,3.165e-05,3.016e-05,3.101e-05,41400813739.0
2024-09-18,3.102e-05,3.181e-05,2.96e-05,3.177e-05,44509540184.0
2024-09-19,3.179e-05,3.302e-05,3.166e-05,3.254e-05,56801291928.0
2024-09-20,3.254e-05,3.354e-05,3.205e-05,3.316e-05,48137016759.0
2024-09-21,3.316e-05,3.403e-05,3.265e-05,3.399e-05,45517567115.0
2024-09-22,3.398e-05,3.488e-05,3.22e-05,3.319e-05,66614145838.0
2024-09-23,3.321e-05,3.378e-05,3.241e-05,3.35e-05,40698685301.0
2024-09-24,3.348e-05,3.417e-05,3.279e-05,3.401e-05,54511085801.0
2024-09-25,3.4e-05,3.514e-05,3.367e-05,3.387e-05,82435622789.0
2024-09-26,3.386e-05,3.645e-05,3.316e-05,3.608e-05,109909859353.0
2024-09-27,3.608e-05,4.071e-05,3.608e-05,3.829e-05,314742230310.0
2024-09-28,3.828e-05,3.874e-05,3.627e-05,3.711e-05,72803529944.0
2024-09-29,3.713e-05,3.746e-05,3.616e-05,3.671e-05,51016039328.0
2024-09-30,3.676e-05,3.683e-05,3.422e-05,3.457e-05,53396423994.0
2024-10-01,3.453e-05,3.543e-05,3.174e-05,3.261e-05,75371281821.0
2024-10-02,3.262e-05,3.73e-05,3.237e-05,3.376e-05,412719493438.0
2024-10-03,3.372e-05,3.617e-05,3.294e-05,3.52e-05,270888026040.0
2024-10-04,3.52e-05,3.61e-05,3.411e-05,3.596e-05,97252993234.0
2024-10-05,3.597e-05,3.622e-05,3.47e-05,3.547e-05,56103098562.0
2024-10-06,3.55e-05,3.603e-05,3.468e-05,3.576e-05,51791941923.0
2024-10-07,3.578e-05,3.613e-05,3.419e-05,3.422e-05,61051567349.0
2024-10-08,3.424e-05,3.47e-05,3.337e-05,3.365e-05,40041049408.0
2024-10-09,3.365e-05,3.402e-05,3.245e-05,3.281e-05,30204590650.0
2024-10-10,3.284e-05,3.305e-05,3.189e-05,3.288e-05,25278225440.0
2024-10-11,3.289e-05,3.418e-05,3.257e-05,3.411e-05,21427622250.0
2024-10-12,3.41e-05,3.598e-05,3.404e-05,3.513e-05,74938177498.0
2024-10-13,3.515e-05,3.517e-05,3.306e-05,3.396e-05,44001880155.0
2024-10-14,3.395e-05,3.666e-05,3.339e-05,3.662e-05,81803388610.0
2024-10-15,3.664e-05,3.986e-05,3.585e-05,3.709e-05,214550841718.0
2024-10-16,3.71e-05,3.774e-05,3.611e-05,3.668e-05,69468323312.0
2024-10-17,3.668e-05,3.772e-05,3.507e-05,3.569e-05,39361566800.0
2024-10-18,3.568e-05,3.642e-05,3.537e-05,3.629e-05,32469741369.0
2024-10-19,3.631e-05,3.64e-05,3.552e-05,3.592e-05,26537825258.0
2024-10-20,3.592e-05,3.657e-05,3.527e-05,3.654e-05,29461358206.0
2024-10-21,3.656e-05,3.75e-05,3.484e-05,3.509e-05,48686598793.0
2024-10-22,3.509e-05,3.519e-05,3.415e-05,3.485e-05,23744298856.0
2024-10-23,3.485e-05,3.493e-05,3.287e-05,3.396e-05,33215981736.0
2024-10-24,3.395e-05,3.489e-05,3.337e-05,3.487e-05,33544076530.0
2024-10-25,3.49e-05,3.531e-05,2.963e-05,3.23e-05,51203019310.0
2024-10-26,3.229e-05,3.29e-05,3.179e-05,3.256e-05,30194332629.0
2024-10-27,3.258e-05,3.343e-05,3.232e-05,3.34e-05,21755700716.0
2024-10-28,3.34e-05,3.562e-05,3.246e-05,3.544e-05,126524482609.0
2024-10-29,3.545e-05,3.644e-05,3.469e-05,3.643e-05,114891847974.0
2024-10-30,3.639e-05,3.643e-05,3.455e-05,3.495e-05,44400735489.0
2024-10-31,3.494e-05,3.634e-05,3.435e-05,3.497e-05,98672822198.0
2024-11-01,3.498e-05,3.507e-05,3.345e-05,3.378e-05,43272257577.0
2024-11-02,3.377e-05,3.397e-05,3.27e-05,3.31e-05,19302206733.0
2024-11-03,3.312e-05,3.313e-05,3.104e-05,3.173e-05,28834229492.0
2024-11-04,3.174e-05,3.236e-05,3.023e-05,3.085e-05,28711404153.0
2024-11-05,3.082e-05,3.24e-05,3.072e-05,3.224e-05,25607425280.0
2024-11-06,3.225e-05,3.55e-05,3.225e-05,3.534e-05,110759543978.0
2024-11-07,3.535e-05,3.634e-05,3.447e-05,3.552e-05,78910416461.0
2024-11-08,3.552e-05,3.666e-05,3.458e-05,3.591e-05,54106996493.0
2024-11-09,3.593e-05,3.7e-05,3.487e-05,3.695e-05,69486401987.0
2024-11-10,3.695e-05,4.043e-05,3.612e-05,3.942e-05,292527231528.0
2024-11-11,3.942e-05,4.8e-05,3.807e-05,4.53e-05,441169416953.0
2024-11-12,4.53e-05,4.537e-05,3.919e-05,4.159e-05,274897409827.0
2024-11-13,4.158e-05,4.468e-05,3.737e-05,4.411e-05,282424996892.0
2024-11-14,4.411e-05,4.477e-05,3.6e-05,4.251e-05,229401698192.0
2024-11-15,4.252e-05,4.487e-05,4.197e-05,4.483e-05,149388569132.0
2024-11-16,4.482e-05,4.845e-05,4.397e-05,4.751e-05,194526656038.0
2024-11-17,4.752e-05,4.96e-05,4.281e-05,4.382e-05,162127215801.0
2024-11-18,4.384e-05,4.658e-05,4.319e-05,4.612e-05,98707229737.0
2024-11-19,4.608e-05,4.617e-05,4.387e-05,4.533e-05,77866728057.0
2024-11-20,4.534e-05,4.546e-05,4.235e-05,4.457e-05,90807793941.0
2024-11-21,4.458e-05,5.048e-05,4.299e-05,4.486e-05,599143006970.0
2024-11-22,4.484e-05,4.549e-05,4.317e-05,4.543e-05,190827432146.0
2024-11-23,4.541e-05,4.807e-05,4.429e-05,4.607e-05,327042137376.0
2024-11-24,4.607e-05,4.806e-05,4.316e-05,4.644e-05,214175472299.0
2024-11-25,4.646e-05,4.765e-05,4.472e-05,4.552e-05,172474187622.0
2024-11-26,4.553e-05,4.759e-05,4.3e-05,4.555e-05,179779315310.0
2024-11-27,4.555e-05,4.913e-05,4.458e-05,4.868e-05,124207728882.0
2024-11-28,4.871e-05,5.158e-05,4.744e-05,4.935e-05,214387002825.0
2024-11-29,4.937e-05,4.982e-05,4.748e-05,4.959e-05,70748240503.0
2024-11-30,4.963e-05,5.079e-05,4.866e-05,4.987e-05,110006207512.0
2024-12-01,4.986e-05,5.257e-05,4.838e-05,5.175e-05,137578095665.0
2024-12-02,5.175e-05,5.35e-05,4.684e-05,5.151e-05,212423542852.0
2024-12-03,5.152e-05,5.747e-05,4.722e-05,5.612e-05,549384833897.0
2024-12-04,5.612e-05,5.926e-05,5.274e-05,5.77e-05,406758056849.0
2024-12-05,5.77e-05,5.95e-05,5.269e-05,5.439e-05,331053329036.0
2024-12-06,5.441e-05,5.595e-05,5.134e-05,5.447e-05,174474821988.0
2024-12-07,5.447e-05,5.496e-05,5.068e-05,5.324e-05,98367647299.0
2024-12-08,5.319e-05,5.426e-05,5.19e-05,5.407e-05,86555127965.0
2024-12-09,5.41e-05,5.412e-05,3.876e-05,4.425e-05,246372906888.0
2024-12-10,4.421e-05,4.628e-05,3.84e-05,4.201e-05,247038989953.0
2024-12-11,4.201e-05,4.569e-05,3.995e-05,4.52e-05,131469845222.0
2024-12-12,4.521e-05,4.698e-05,4.452e-05,4.515e-05,152940892983.0
2024-12-13,4.516e-05,4.56e-05,4.357e-05,4.528e-05,106957835918.0
2024-12-14,4.525e-05,4.585e-05,4.075e-05,4.333e-05,87287077842.0
2024-12-15,4.333e-05,4.456e-05,4.241e-05,4.445e-05,179740431722.0
2024-12-16,4.445e-05,4.624e-05,4.205e-05,4.316e-05,115917370860.0
2024-12-17,4.318e-05,4.323e-05,4.072e-05,4.122e-05,97680158487.0
2024-12-18,4.121e-05,4.5e-05,3.64e-05,3.753e-05,123502712315.0
2024-12-19,3.746e-05,3.837e-05,3.387e-05,3.482e-05,123335084245.0
2024-12-20,3.482e-05,3.644e-05,3.095e-05,3.618e-05,144026394247.0
2024-12-21,3.61e-05,3.783e-05,3.38e-05,3.42e-05,71678785443.0
2024-12-22,3.425e-05,3.627e-05,3.364e-05,3.537e-05,117127957873.0
2024-12-23,3.538e-05,3.745e-05,3.457e-05,3.696e-05,79685213754.0
2024-12-24,3.691e-05,3.829e-05,3.599e-05,3.796e-05,55204096916.0
2024-12-25,3.796e-05,3.796e-05,3.61e-05,3.661e-05,39709560904.0
2024-12-26,3.664e-05,3.68e-05,3.379e-05,3.434e-05,59213771386.0
2024-12-27,3.436e-05,3.58e-05,3.411e-05,3.451e-05,38106583722.0
2024-12-28,3.45e-05,3.622e-05,3.44e-05,3.604e-05,39906224003.0
2024-12-29,3.605e-05,3.612e-05,3.405e-05,3.426e-05,29136287785.0
2024-12-30,3.425e-05,3.539e-05,3.322e-05,3.399e-05,71156153009.0
2024-12-31,3.399e-05,3.466e-05,3.313e-05,3.327e-05,67657545170.0
2025-01-01,3.324e-05,3.446e-05,3.283e-05,3.43e-05,48189935204.0
2025-01-02,3.43e-05,3.538e-05,3.424e-05,3.51e-05,73508023453.0
2025-01-03,3.511e-05,3.693e-05,3.462e-05,3.674e-05,55201215477.0
2025-01-04,3.674e-05,3.777e-05,3.633e-05,3.741e-05,96624336387.0
2025-01-05,3.743e-05,3.783e-05,3.655e-05,3.739e-05,71837271095.0
2025-01-06,3.743e-05,3.924e-05,3.672e-05,3.877e-05,100005449418.0
2025-01-07,3.877e-05,3.996e-05,3.496e-05,3.499e-05,111984391859.0
2025-01-08,3.498e-05,3.551e-05,3.338e-05,3.525e-05,102523570963.0
2025-01-09,3.524e-05,3.669e-05,3.491e-05,3.61e-05,118107990291.0
2025-01-10,3.608e-05,3.991e-05,3.522e-05,3.87e-05,403628973914.0
2025-01-11,3.87e-05,3.876e-05,3.661e-05,3.702e-05,101369878480.0
2025-01-12,3.704e-05,3.725e-05,3.566e-05,3.616e-05,54293112489.0
2025-01-13,3.618e-05,3.681e-05,3.212e-05,3.466e-05,74923702238.0
2025-01-14,3.467e-05,3.59e-05,3.43e-05,3.574e-05,43733735146.0
2025-01-15,3.573e-05,3.755e-05,3.471e-05,3.743e-05,58955778472.0
2025-01-16,3.743e-05,3.945e-05,3.653e-05,3.733e-05,144194639895.0
2025-01-17,3.732e-05,3.904e-05,3.727e-05,3.89e-05,96612802165.0
2025-01-18,3.89e-05,3.909e-05,3.553e-05,3.632e-05,88108586312.0
2025-01-19,3.632e-05,3.687e-05,3.233e-05,3.312e-05,220835191698.0
2025-01-20,3.308e-05,3.619e-05,3.2e-05,3.366e-05,176617074088.0
2025-01-21,3.367e-05,3.529e-05,3.264e-05,3.429e-05,128665503102.0
2025-01-22,3.427e-05,3.46e-05,3.324e-05,3.343e-05,62964183303.0
2025-01-23,3.34e-05,3.376e-05,3.229e-05,3.319e-05,67458241123.0
2025-01-24,3.319e-05,3.397e-05,3.22e-05,3.276e-05,43112714084.0
2025-01-25,3.276e-05,3.409e-05,3.237e-05,3.369e-05,53764036495.0
2025-01-26,3.369e-05,3.427e-05,3.248e-05,3.251e-05,49716003603.0
2025-01-27,3.249e-05,3.269e-05,3.01e-05,3.205e-05,68281883922.0
2025-01-28,3.206e-05,3.231e-05,3.037e-05,3.063e-05,26505089150.0
2025-01-29,3.06e-05,3.204e-05,3.034e-05,3.129e-05,30697862160.0
2025-01-30,3.13e-05,3.264e-05,3.088e-05,3.211e-05,38958092752.0
2025-01-31,3.216e-05,3.381e-05,3.161e-05,3.237e-05,77390627028.0
2025-02-01,3.237e-05,3.295e-05,3.036e-05,3.046e-05,54611776485.0
2025-02-02,3.047e-05,3.099e-05,2.549e-05,2.683e-05,102084423450.0
2025-02-03,2.683e-05,2.8e-05,2.116e-05,2.748e-05,257835524465.0
2025-02-04,2.75e-05,2.791e-05,2.528e-05,2.61e-05,98827381166.0
2025-02-05,2.61e-05,2.671e-05,2.534e-05,2.57e-05,57489459830.0
2025-02-06,2.566e-05,2.627e-05,2.461e-05,2.482e-05,59492615784.0
2025-02-07,2.482e-05,2.622e-05,2.446e-05,2.502e-05,55589221297.0
2025-02-08,2.501e-05,2.607e-05,2.456e-05,2.593e-05,31186448243.0
2025-02-09,2.593e-05,2.676e-05,2.493e-05,2.582e-05,52303987233.0
2025-02-10,2.582e-05,2.665e-05,2.512e-05,2.644e-05,44052325717.0
2025-02-11,2.643e-05,2.733e-05,2.569e-05,2.601e-05,47721373648.0
2025-02-12,2.599e-05,2.712e-05,2.519e-05,2.693e-05,84737298932.0
2025-02-13,2.696e-05,2.707e-05,2.59e-05,2.652e-05,40826912390.0
2025-02-14,2.653e-05,2.745e-05,2.629e-05,2.687e-05,44145313814.0
2025-02-15,2.689e-05,2.704e-05,2.608e-05,2.626e-05,26272263296.0
2025-02-16,2.626e-05,2.85e-05,2.596e-05,2.647e-05,140737970345.0
2025-02-17,2.641e-05,2.714e-05,2.569e-05,2.622e-05,45077458460.0
2025-02-18,2.622e-05,2.803e-05,2.482e-05,2.564e-05,112282839151.0
2025-02-19,2.563e-05,2.611e-05,2.534e-05,2.584e-05,38602766094.0
2025-02-20,2.582e-05,2.645e-05,2.56e-05,2.63e-05,37246632970.0
2025-02-21,2.631e-05,2.72e-05,2.51e-05,2.535e-05,58380394272.0
2025-02-22,2.532e-05,2.657e-05,2.522e-05,2.639e-05,47012738221.0
2025-02-23,2.64e-05,2.708e-05,2.588e-05,2.623e-05,50770904269.0
2025-02-24,2.622e-05,2.632e-05,2.344e-05,2.371e-05,75671567091.0
2025-02-25,2.369e-05,2.401e-05,2.203e-05,2.361e-05,85275366559.0
2025-02-26,2.363e-05,2.405e-05,2.274e-05,2.352e-05,67041442083.0
2025-02-27,2.351e-05,2.434e-05,2.29e-05,2.358e-05,72655045916.0
2025-02-28,2.357e-05,2.358e-05,2.164e-05,2.32e-05,82211160707.0
2025-03-01,2.322e-05,2.342e-05,2.236e-05,2.298e-05,38263835174.0
2025-03-02,2.298e-05,2.505e-05,2.234e-05,2.498e-05,102639508339.0
2025-03-03,2.495e-05,2.505e-05,2.152e-05,2.175e-05,111253731199.0
2025-03-04,2.173e-05,2.233e-05,2.004e-05,2.151e-05,114187606401.0
2025-03-05,2.152e-05,2.415e-05,2.131e-05,2.411e-05,193402847919.0
2025-03-06,2.413e-05,2.481e-05,2.271e-05,2.32e-05,107866171954.0
2025-03-07,2.321e-05,2.357e-05,2.195e-05,2.266e-05,66476849132.0
2025-03-08,2.266e-05,2.296e-05,2.202e-05,2.247e-05,32471961023.0
2025-03-09,2.248e-05,2.264e-05,1.998e-05,2.015e-05,51480513523.0
2025-03-10,2.018e-05,2.125e-05,1.923e-05,1.956e-05,66283267035.0
2025-03-11,1.957e-05,2.09e-05,1.838e-05,2.038e-05,70328945084.0
2025-03-12,2.038e-05,2.116e-05,1.982e-05,2.101e-05,37542535944.0
2025-03-13,2.104e-05,2.113e-05,2.017e-05,2.06e-05,31528613269.0
2025-03-14,2.062e-05,2.144e-05,2.056e-05,2.112e-05,18818924079.0
2025-03-15,2.111e-05,2.156e-05,2.094e-05,2.141e-05,21284602466.0
2025-03-16,2.142e-05,2.148e-05,2.061e-05,2.093e-05,31125681753.0
2025-03-17,2.094e-05,2.215e-05,2.091e-05,2.179e-05,37161559902.0
2025-03-18,2.181e-05,2.244e-05,2.137e-05,2.21e-05,40080482475.0
2025-03-19,2.211e-05,2.267e-05,2.196e-05,2.259e-05,36085277380.0
2025-03-20,2.261e-05,2.272e-05,2.188e-05,2.2e-05,25219460086.0
2025-03-21,2.2e-05,2.218e-05,2.144e-05,2.161e-05,24282911747.0
2025-03-22,2.16e-05,2.206e-05,2.156e-05,2.175e-05,19019140696.0
2025-03-23,2.175e-05,2.204e-05,2.146e-05,2.176e-05,24555998981.0
2025-03-24,2.175e-05,2.299e-05,2.138e-05,2.263e-05,47552520600.0
2025-03-25,2.263e-05,2.304e-05,2.24e-05,2.276e-05,39051673795.0
2025-03-26,2.275e-05,2.342e-05,2.233e-05,2.261e-05,33741430680.0
2025-03-27,2.258e-05,2.292e-05,2.159e-05,2.191e-05,39747825969.0
2025-03-28,2.19e-05,2.193e-05,2.007e-05,2.046e-05,54320194183.0
2025-03-29,2.046e-05,2.056e-05,1.965e-05,1.991e-05,31464877356.0
2025-03-30,1.988e-05,2.032e-05,1.968e-05,1.993e-05,21962866629.0
2025-03-31,1.993e-05,2.016e-05,1.933e-05,1.982e-05,36419068787.0
2025-04-01,1.98e-05,2.036e-05,1.965e-05,1.991e-05,25899813923.0
2025-04-02,1.989e-05,2.06e-05,1.888e-05,1.918e-05,57893248816.0
2025-04-03,1.918e-05,1.97e-05,1.878e-05,1.941e-05,39918419842.0
2025-04-04,1.943e-05,1.978e-05,1.892e-05,1.965e-05,23285803203.0
2025-04-05,1.968e-05,1.972e-05,1.893e-05,1.931e-05,26752400414.0
2025-04-06,1.93e-05,1.936e-05,1.697e-05,1.745e-05,51234211443.0
2025-04-07,1.743e-05,1.82e-05,1.584e-05,1.753e-05,80116600301.0
2025-04-08,1.753e-05,1.804e-05,1.673e-05,1.683e-05,27622464931.0
2025-04-09,1.682e-05,1.884e-05,1.634e-05,1.864e-05,40978345941.0
2025-04-10,1.864e-05,1.877e-05,1.802e-05,1.867e-05,26743955088.0
2025-04-11,1.867e-05,1.946e-05,1.853e-05,1.932e-05,24255069266.0
2025-04-12,1.933e-05,2.065e-05,1.914e-05,2.038e-05,30132493588.0
2025-04-13,2.037e-05,2.082e-05,1.927e-05,1.948e-05,39802942302.0
2025-04-14,1.949e-05,2.021e-05,1.943e-05,1.988e-05,22827080841.0
2025-04-15,1.99e-05,2.014e-05,1.945e-05,1.951e-05,26547714560.0
2025-04-16,1.953e-05,1.966e-05,1.871e-05,1.91e-05,38187257586.0
2025-04-17,1.91e-05,1.966e-05,1.879e-05,1.951e-05,19401588702.0
2025-04-18,1.952e-05,2.018e-05,1.93e-05,1.989e-05,22384686816.0
2025-04-19,1.989e-05,2.043e-05,1.987e-05,2.026e-05,16361318234.0
2025-04-20,2.029e-05,2.075e-05,1.992e-05,2.039e-05,17653757977.0
2025-04-21,2.039e-05,2.109e-05,2.038e-05,2.057e-05,33848154529.0
2025-04-22,2.057e-05,2.213e-05,2.019e-05,2.204e-05,43397143520.0
2025-04-23,2.206e-05,2.243e-05,2.157e-05,2.189e-05,35413015259.0
2025-04-24,2.189e-05,2.252e-05,2.117e-05,2.247e-05,22890681347.0
2025-04-25,2.247e-05,2.601e-05,2.207e-05,2.455e-05,285987826102.0
2025-04-26,2.455e-05,2.52e-05,2.349e-05,2.389e-05,111576222465.0
2025-04-27,2.391e-05,2.485e-05,2.249e-05,2.254e-05,81890003526.0
2025-04-28,2.257e-05,2.305e-05,2.17e-05,2.275e-05,50127276590.0
2025-04-29,2.273e-05,2.316e-05,2.18e-05,2.201e-05,39828338826.0
2025-04-30,2.201e-05,2.243e-05,2.132e-05,2.215e-05,27001790229.0
2025-05-01,2.214e-05,2.253e-05,2.191e-05,2.212e-05,23895113940.0
2025-05-02,2.214e-05,2.368e-05,2.195e-05,2.285e-05,151985795403.0
2025-05-03,2.285e-05,2.291e-05,2.147e-05,2.166e-05,35081682677.0
2025-05-04,2.165e-05,2.274e-05,2.1e-05,2.12e-05,90111921645.0
2025-05-05,2.12e-05,2.171e-05,2.094e-05,2.15e-05,27654238576.0
2025-05-06,2.15e-05,2.171e-05,2.008e-05,2.108e-05,44640365848.0
2025-05-07,2.109e-05,2.143e-05,2.068e-05,2.123e-05,29639516367.0
2025-05-08,2.125e-05,2.331e-05,2.119e-05,2.323e-05,72538183693.0
2025-05-09,2.324e-05,2.427e-05,2.291e-05,2.415e-05,78554980757.0
2025-05-10,2.414e-05,2.573e-05,2.414e-05,2.562e-05,106305180659.0
2025-05-11,2.561e-05,2.581e-05,2.407e-05,2.482e-05,45342038951.0
2025-05-12,2.483e-05,2.59e-05,2.37e-05,2.509e-05,90131022239.0
2025-05-13,2.508e-05,2.564e-05,2.362e-05,2.522e-05,52278500783.0
2025-05-14,2.523e-05,2.542e-05,2.429e-05,2.45e-05,50754492991.0
2025-05-15,2.449e-05,2.477e-05,2.288e-05,2.338e-05,61189765912.0
2025-05-16,2.341e-05,2.505e-05,2.308e-05,2.33e-05,129884786703.0
2025-05-17,2.328e-05,2.379e-05,2.212e-05,2.244e-05,39565221639.0
2025-05-18,2.247e-05,2.354e-05,2.193e-05,2.326e-05,37765013757.0
2025-05-19,2.324e-05,2.339e-05,2.163e-05,2.251e-05,35267311851.0
2025-05-20,2.253e-05,2.316e-05,2.201e-05,2.281e-05,30366902127.0
2025-05-21,2.284e-05,2.34e-05,2.202e-05,2.314e-05,43420912863.0
2025-05-22,2.316e-05,2.424e-05,2.316e-05,2.423e-05,62456533723.0
2025-05-23,2.423e-05,2.448e-05,2.236e-05,2.245e-05,49781965541.0
2025-05-24,2.245e-05,2.283e-05,2.213e-05,2.224e-05,21837213034.0
2025-05-25,2.222e-05,2.234e-05,2.136e-05,2.211e-05,32533615956.0
2025-05-26,2.211e-05,2.252e-05,2.18e-05,2.21e-05,29361351944.0
2025-05-27,2.209e-05,2.244e-05,2.158e-05,2.211e-05,36794177796.0
2025-05-28,2.21e-05,2.233e-05,2.138e-05,2.2e-05,28500158006.0
2025-05-29,2.197e-05,2.233e-05,2.143e-05,2.154e-05,41671029767.0
2025-05-30,2.153e-05,2.168e-05,1.994e-05,2e-05,61776005035.0
2025-05-31,2.001e-05,2.157e-05,1.953e-05,2.085e-05,66679022092.0
2025-06-01,2.086e-05,2.166e-05,2.069e-05,2.166e-05,46088975349.0
2025-06-02,2.164e-05,2.202e-05,2.116e-05,2.192e-05,41785528887.0
2025-06-03,2.192e-05,2.24e-05,2.173e-05,2.208e-05,35286564037.0
2025-06-04,2.208e-05,2.232e-05,2.134e-05,2.155e-05,28646467070.0
2025-06-05,2.154e-05,2.192e-05,2.005e-05,2.04e-05,45524770891.0
2025-06-06,2.04e-05,2.142e-05,2.03e-05,2.087e-05,21351720720.0
2025-06-07,2.088e-05,2.144e-05,2.082e-05,2.138e-05,13184036643.0
2025-06-08,2.138e-05,2.177e-05,2.112e-05,2.152e-05,24389137976.0
2025-06-09,2.152e-05,2.247e-05,2.133e-05,2.245e-05,32192119064.0
2025-06-10,2.247e-05,2.297e-05,2.21e-05,2.297e-05,52531106300.0
2025-06-11,2.297e-05,2.299e-05,2.206e-05,2.223e-05,32746423860.0
2025-06-12,2.222e-05,2.231e-05,2.091e-05,2.103e-05,48678060385.0
2025-06-13,2.101e-05,2.104e-05,1.974e-05,2.104e-05,61436234286.0
2025-06-14,2.1e-05,2.115e-05,2.03e-05,2.066e-05,34145746302.0
2025-06-15,2.066e-05,2.084e-05,1.997e-05,2.037e-05,78075051289.0
2025-06-16,2.037e-05,2.045e-05,1.929e-05,1.945e-05,173312799225.0
2025-06-17,1.943e-05,1.978e-05,1.864e-05,1.896e-05,53788674478.0
2025-06-18,1.899e-05,1.912e-05,1.833e-05,1.881e-05,36386575566.0
2025-06-19,1.881e-05,1.986e-05,1.86e-05,1.976e-05,64073119844.0
2025-06-20,1.978e-05,1.982e-05,1.856e-05,1.878e-05,52009766323.0
2025-06-21,1.877e-05,1.892e-05,1.764e-05,1.818e-05,32293426357.0
2025-06-22,1.818e-05,1.832e-05,1.676e-05,1.741e-05,48147135879.0
2025-06-23,1.74e-05,1.883e-05,1.729e-05,1.877e-05,29965563075.0
2025-06-24,1.879e-05,1.924e-05,1.856e-05,1.92e-05,19961381225.0
2025-06-25,1.92e-05,1.969e-05,1.903e-05,1.922e-05,35903745765.0
2025-06-26,1.922e-05,1.933e-05,1.855e-05,1.887e-05,25451443660.0
2025-06-27,1.886e-05,1.897e-05,1.825e-05,1.866e-05,23476651870.0
2025-06-28,1.866e-05,1.884e-05,1.85e-05,1.876e-05,10400636513.0
2025-06-29,1.876e-05,1.945e-05,1.858e-05,1.93e-05,15672242917.0
2025-06-30,1.931e-05,1.937e-05,1.815e-05,1.85e-05,52154703544.0
2025-07-01,1.85e-05,1.859e-05,1.782e-05,1.794e-05,28366179474.0
2025-07-02,1.794e-05,1.914e-05,1.789e-05,1.888e-05,25823186666.0
2025-07-03,1.888e-05,1.93e-05,1.872e-05,1.895e-05,19305208505.0
2025-07-04,1.896e-05,1.897e-05,1.797e-05,1.816e-05,21274901479.0
2025-07-05,1.818e-05,1.867e-05,1.81e-05,1.837e-05,27465369662.0
2025-07-06,1.834e-05,1.882e-05,1.821e-05,1.858e-05,12862196935.0
2025-07-07,1.859e-05,1.88e-05,1.822e-05,1.834e-05,26555063890.0
2025-07-08,1.832e-05,1.876e-05,1.813e-05,1.87e-05,12119084784.0
2025-07-09,1.872e-05,1.945e-05,1.851e-05,1.943e-05,28628848251.0
2025-07-10,1.945e-05,2.05e-05,1.925e-05,2.041e-05,44556551255.0
2025-07-11,2.043e-05,2.14e-05,2.016e-05,2.071e-05,45792116331.0
2025-07-12,2.073e-05,2.155e-05,2.038e-05,2.091e-05,36872028237.0
2025-07-13,2.091e-05,2.145e-05,2.075e-05,2.121e-05,35821443796.0
2025-07-14,2.123e-05,2.211e-05,2.095e-05,2.129e-05,41860460349.0
2025-07-15,2.125e-05,2.139e-05,2.024e-05,2.134e-05,48382628772.0
2025-07-16,2.136e-05,2.279e-05,2.127e-05,2.216e-05,81558943244.0
2025-07-17,2.215e-05,2.244e-05,2.148e-05,2.21e-05,84733122702.0
2025-07-18,2.212e-05,2.329e-05,2.178e-05,2.215e-05,77275948339.0
2025-07-19,2.217e-05,2.52e-05,2.158e-05,2.379e-05,265355903273.0
2025-07-20,2.379e-05,2.529e-05,2.325e-05,2.444e-05,119170899712.0
2025-07-21,2.444e-05,2.498e-05,2.378e-05,2.426e-05,61631957671.0
2025-07-22,2.425e-05,2.433e-05,2.329e-05,2.423e-05,53557085270.0
2025-07-23,2.424e-05,2.424e-05,2.193e-05,2.259e-05,61421943503.0
2025-07-24,2.258e-05,2.297e-05,2.121e-05,2.21e-05,36847790221.0
2025-07-25,2.211e-05,2.273e-05,2.147e-05,2.268e-05,44699847630.0
2025-07-26,2.268e-05,2.281e-05,2.233e-05,2.254e-05,17377198931.0
2025-07-27,2.255e-05,2.381e-05,2.255e-05,2.357e-05,45660396931.0
2025-07-28,2.358e-05,2.372e-05,2.192e-05,2.211e-05,45969290809.0
2025-07-29,2.21e-05,2.271e-05,2.151e-05,2.188e-05,45586602968.0
2025-07-30,2.188e-05,2.198e-05,2.076e-05,2.189e-05,56401838105.0
2025-07-31,2.189e-05,2.209e-05,2.076e-05,2.082e-05,36676574700.0
2025-08-01,2.082e-05,2.083e-05,1.967e-05,2.006e-05,59010006560.0
2025-08-02,2.008e-05,2.043e-05,1.935e-05,1.968e-05,37231065772.0
2025-08-03,1.969e-05,2.025e-05,1.945e-05,2.013e-05,18236772472.0
2025-08-04,2.015e-05,2.09e-05,2.01e-05,2.084e-05,23106003616.0
2025-08-05,2.085e-05,2.104e-05,1.986e-05,2.019e-05,25275632892.0
2025-08-06,2.019e-05,2.048e-05,1.977e-05,2.031e-05,33935350527.0
2025-08-07,2.031e-05,2.175e-05,2.014e-05,2.099e-05,48373511588.0
2025-08-08,2.098e-05,2.137e-05,2.08e-05,2.129e-05,30247975684.0
2025-08-09,2.13e-05,2.198e-05,2.13e-05,2.178e-05,35074957688.0
2025-08-10,2.179e-05,2.274e-05,2.125e-05,2.2e-05,111579893237.0
2025-08-11,2.199e-05,2.256e-05,2.105e-05,2.123e-05,70573247619.0
2025-08-12,2.122e-05,2.216e-05,2.08e-05,2.202e-05,52842283036.0
2025-08-13,2.203e-05,2.25e-05,2.167e-05,2.242e-05,42871745981.0
2025-08-14,2.241e-05,2.273e-05,2.026e-05,2.054e-05,53997036332.0
2025-08-15,2.055e-05,2.107e-05,1.999e-05,2.061e-05,31022688908.0
2025-08-16,2.064e-05,2.107e-05,2.057e-05,2.104e-05,23434066415.0
2025-08-17,2.103e-05,2.137e-05,2.08e-05,2.083e-05,24085575717.0
2025-08-18,2.083e-05,2.088e-05,1.98e-05,2.015e-05,48141520933.0
2025-08-19,2.015e-05,2.037e-05,1.939e-05,1.945e-05,45576012159.0
2025-08-20,1.944e-05,2.032e-05,1.935e-05,2.022e-05,39719613065.0
2025-08-21,2.021e-05,2.035e-05,1.959e-05,1.974e-05,23051648350.0
2025-08-22,1.973e-05,2.112e-05,1.918e-05,2.108e-05,57712319093.0
2025-08-23,2.11e-05,2.126e-05,2.06e-05,2.078e-05,25346988440.0
2025-08-24,2.08e-05,2.141e-05,2.042e-05,2.072e-05,54581487774.0
2025-08-25,2.074e-05,2.161e-05,1.96e-05,1.981e-05,102681687295.0
2025-08-26,1.982e-05,2.071e-05,1.957e-05,2.053e-05,42395347297.0
2025-08-27,2.053e-05,2.062e-05,2.02e-05,2.031e-05,30458241917.0
2025-08-28,2.032e-05,2.087e-05,2.018e-05,2.079e-05,31305159675.0
2025-08-29,2.081e-05,2.086e-05,1.967e-05,1.998e-05,38969204677.0
2025-08-30,1.996e-05,2.029e-05,1.976e-05,2.017e-05,12313597651.0
2025-08-31,2.016e-05,2.04e-05,1.979e-05,1.983e-05,14893670346.0
2025-09-01,1.982e-05,2.005e-05,1.905e-05,1.943e-05,38959658060.0
2025-09-02,1.942e-05,1.986e-05,1.927e-05,1.967e-05,24489888941.0
2025-09-03,1.967e-05,2.001e-05,1.953e-05,1.96e-05,19656096010.0
2025-09-04,1.962e-05,1.97e-05,1.904e-05,1.924e-05,35103775188.0
2025-09-05,1.925e-05,1.978e-05,1.924e-05,1.95e-05,24029489279.0
2025-09-06,1.949e-05,1.952e-05,1.922e-05,1.937e-05,18179726523.0
2025-09-07,1.939e-05,1.966e-05,1.937e-05,1.959e-05,15093897336.0
2025-09-08,1.959e-05,1.997e-05,1.948e-05,1.991e-05,21857313863.0
2025-09-09,1.991e-05,2.02e-05,1.969e-05,1.994e-05,33515000616.0
2025-09-10,1.995e-05,2.04e-05,1.985e-05,2.02e-05,26449087116.0
2025-09-11,2.022e-05,2.052e-05,2.001e-05,2.038e-05,26453261482.0
2025-09-12,2.037e-05,2.058e-05,2.012e-05,2.054e-05,25545113188.0
2025-09-13,2.054e-05,2.099e-05,2.046e-05,2.086e-05,39954274769.0
2025-09-14,2.086e-05,2.121e-05,2.037e-05,2.044e-05,51423983900.0
2025-09-15,2.044e-05,2.056e-05,1.97e-05,1.999e-05,24799595099.0
2025-09-16,1.996e-05,2.024e-05,1.957e-05,2.014e-05,17860251524.0
2025-09-17,2.015e-05,2.05e-05,1.973e-05,2.036e-05,23493236254.0
2025-09-18,2.037e-05,2.064e-05,2.027e-05,2.044e-05,17419156955.0
2025-09-19,2.044e-05,2.056e-05,1.95e-05,1.961e-05,29548046626.0
2025-09-20,1.963e-05,1.99e-05,1.948e-05,1.974e-05,20598033670.0
2025-09-21,1.973e-05,1.978e-05,1.921e-05,1.935e-05,30509018273.0
2025-09-22,1.934e-05,1.942e-05,1.743e-05,1.809e-05,68124969966.0
2025-09-23,1.807e-05,1.825e-05,1.777e-05,1.792e-05,41148183525.0
2025-09-24,1.79e-05,1.838e-05,1.759e-05,1.804e-05,33483378865.0
2025-09-25,1.805e-05,1.805e-05,1.696e-05,1.721e-05,61338396996.0
2025-09-26,1.721e-05,1.758e-05,1.706e-05,1.75e-05,22830807226.0
2025-09-27,1.75e-05,1.76e-05,1.735e-05,1.742e-05,10676971827.0
2025-09-28,1.744e-05,1.785e-05,1.712e-05,1.784e-05,16499349279.0
2025-09-29,1.786e-05,1.833e-05,1.729e-05,1.763e-05,38478060735.0
2025-09-30,1.762e-05,1.762e-05,1.715e-05,1.749e-05,23276671911.0
2025-10-01,1.75e-05,1.842e-05,1.734e-05,1.842e-05,47456249801.0
2025-10-02,1.843e-05,1.882e-05,1.823e-05,1.869e-05,37265577346.0
2025-10-03,1.869e-05,1.906e-05,1.839e-05,1.884e-05,28420239312.0
2025-10-04,1.884e-05,1.913e-05,1.827e-05,1.846e-05,54722987456.0
2025-10-05,1.844e-05,1.912e-05,1.837e-05,1.857e-05,26718867836.0
2025-10-06,1.856e-05,1.911e-05,1.839e-05,1.892e-05,28315322641.0
2025-10-07,1.891e-05,1.93e-05,1.786e-05,1.79e-05,50287741351.0
2025-10-08,1.79e-05,1.829e-05,1.776e-05,1.815e-05,24622362647.0
2025-10-09,1.815e-05,1.83e-05,1.752e-05,1.796e-05,39200630856.0
2025-10-10,1.793e-05,1.831e-05,9.69e-06,1.44e-05,166298532573.0
2025-10-11,1.438e-05,1.508e-05,1.378e-05,1.428e-05,78297220620.0
2025-10-12,1.426e-05,1.6e-05,1.407e-05,1.569e-05,43477358045.0
2025-10-13,1.568e-05,1.649e-05,1.536e-05,1.629e-05,41871651337.0
2025-10-14,1.627e-05,1.637e-05,1.483e-05,1.569e-05,44042536309.0
2025-10-15,1.568e-05,1.591e-05,1.474e-05,1.499e-05,33356431053.0
2025-10-16,1.499e-05,1.528e-05,1.418e-05,1.451e-05,53223014759.0
2025-10-17,1.448e-05,1.473e-05,1.364e-05,1.424e-05,66933235854.0
2025-10-18,1.424e-05,1.446e-05,1.412e-05,1.439e-05,31372475943.0
2025-10-19,1.437e-05,1.641e-05,1.415e-05,1.475e-05,53926834639.0
2025-10-20,1.474e-05,1.515e-05,1.444e-05,1.473e-05,33743055670.0
2025-10-21,1.473e-05,1.523e-05,1.427e-05,1.435e-05,40960451388.0
2025-10-22,1.432e-05,1.453e-05,1.367e-05,1.415e-05,53039765929.0
2025-10-23,1.413e-05,1.46e-05,1.405e-05,1.441e-05,15848300362.0
2025-10-24,1.443e-05,1.498e-05,1.439e-05,1.466e-05,17813479713.0
2025-10-25,1.466e-05,1.466e-05,1.445e-05,1.459e-05,13872826385.0
2025-10-26,1.46e-05,1.825e-05,1.445e-05,1.598e-05,385190319884.0
2025-10-27,1.597e-05,1.618e-05,1.515e-05,1.526e-05,101233563756.0
2025-10-28,1.527e-05,1.55e-05,1.435e-05,1.462e-05,44501278732.0
2025-10-29,1.461e-05,1.487e-05,1.418e-05,1.452e-05,33789802632.0
2025-10-30,1.453e-05,1.559e-05,1.407e-05,1.477e-05,165231291476.0
2025-10-31,1.475e-05,1.531e-05,1.463e-05,1.501e-05,86576831166.0
2025-11-01,1.499e-05,1.533e-05,1.469e-05,1.524e-05,37789063291.0
2025-11-02,1.524e-05,1.524e-05,1.444e-05,1.49e-05,38424202659.0
2025-11-03,1.49e-05,1.493e-05,1.292e-05,1.339e-05,77882219010.0
2025-11-04,1.338e-05,1.369e-05,1.236e-05,1.291e-05,89153436572.0
2025-11-05,1.289e-05,1.351e-05,1.236e-05,1.341e-05,46048991843.0
2025-11-06,1.34e-05,1.374e-05,1.29e-05,1.321e-05,63200673079.0
2025-11-07,1.322e-05,1.499e-05,1.322e-05,1.475e-05,81112288928.0
2025-11-08,1.481e-05,1.52e-05,1.417e-05,1.467e-05,85816587479.0
2025-11-09,1.468e-05,1.499e-05,1.418e-05,1.497e-05,40816444758.0
2025-11-10,1.497e-05,1.516e-05,1.475e-05,1.506e-05,43078009862.0
2025-11-11,1.508e-05,1.523e-05,1.404e-05,1.408e-05,54309025754.0
2025-11-12,1.408e-05,1.48e-05,1.395e-05,1.414e-05,44165599392.0
2025-11-13,1.413e-05,1.47e-05,1.32e-05,1.36e-05,47602211305.0
2025-11-14,1.36e-05,1.386e-05,1.285e-05,1.324e-05,76082808935.0
2025-11-15,1.325e-05,1.374e-05,1.312e-05,1.321e-05,50516914079.0
2025-11-16,1.321e-05,1.337e-05,1.246e-05,1.279e-05,46783675867.0
2025-11-17,1.278e-05,1.307e-05,1.216e-05,1.241e-05,58383734649.0
2025-11-18,1.238e-05,1.29e-05,1.221e-05,1.27e-05,38307577522.0
2025-11-19,1.27e-05,1.278e-05,1.185e-05,1.228e-05,50516327603.0
2025-11-20,1.229e-05,1.265e-05,1.174e-05,1.191e-05,36354848637.0
2025-11-21,1.19e-05,1.21e-05,1.088e-05,1.154e-05,90634695728.0
2025-11-22,1.153e-05,1.287e-05,1.107e-05,1.201e-05,167657419335.0
2025-11-23,1.2e-05,1.216e-05,1.177e-05,1.2e-05,47355593426.0
2025-11-24,1.2e-05,1.279e-05,1.168e-05,1.209e-05,87287276311.0
2025-11-25,1.208e-05,1.239e-05,1.178e-05,1.232e-05,40879856480.0
2025-11-26,1.232e-05,1.236e-05,1.189e-05,1.232e-05,28531320919.0
2025-11-27,1.23e-05,1.233e-05,1.209e-05,1.216e-05,24605684533.0
2025-11-28,1.216e-05,1.354e-05,1.208e-05,1.27e-05,100147546179.0
2025-11-29,1.269e-05,1.323e-05,1.232e-05,1.253e-05,73954884688.0
2025-11-30,1.251e-05,1.279e-05,1.221e-05,1.227e-05,42364453716.0
2025-12-01,1.226e-05,1.234e-05,1.127e-05,1.149e-05,39635141788.0
2025-12-02,1.149e-05,1.209e-05,1.132e-05,1.198e-05,34670860302.0
2025-12-03,1.198e-05,1.272e-05,1.192e-05,1.263e-05,43630846816.0
2025-12-04,1.264e-05,1.266e-05,1.194e-05,1.206e-05,27144494345.0
2025-12-05,1.206e-05,1.22e-05,1.141e-05,1.163e-05,29996036559.0
2025-12-06,1.163e-05,1.209e-05,1.156e-05,1.195e-05,22052070864.0
2025-12-07,1.195e-05,1.245e-05,1.132e-05,1.17e-05,43193953472.0
2025-12-08,1.171e-05,1.204e-05,1.166e-05,1.177e-05,23902582241.0
2025-12-09,1.176e-05,1.222e-05,1.16e-05,1.207e-05,31309347347.0
2025-12-10,1.206e-05,1.215e-05,1.167e-05,1.168e-05,24332697603.0
2025-12-11,1.168e-05,1.173e-05,1.131e-05,1.159e-05,41358579098.0
2025-12-12,1.159e-05,1.167e-05,1.114e-05,1.134e-05,23193919374.0
2025-12-13,1.132e-05,1.147e-05,1.127e-05,1.141e-05,14671237294.0
2025-12-14,1.141e-05,1.143e-05,1.099e-05,1.114e-05,21937106811.0
2025-12-15,1.114e-05,1.134e-05,1.062e-05,1.083e-05,43729111683.0
2025-12-16,1.083e-05,1.099e-05,1.06e-05,1.088e-05,25349748317.0
2025-12-17,1.086e-05,1.095e-05,1.033e-05,1.043e-05,23241513569.0
2025-12-18,1.045e-05,1.058e-05,9.87e-06,1.005e-05,32096841421.0
2025-12-19,1.005e-05,1.067e-05,9.95e-06,1.06e-05,25810718710.0
2025-12-20,1.059e-05,1.067e-05,1.044e-05,1.056e-05,15624052578.0
2025-12-21,1.056e-05,1.064e-05,1.024e-05,1.034e-05,11905736752.0
2025-12-22,1.035e-05,1.063e-05,1.025e-05,1.045e-05,19541216111.0
2025-12-23,1.043e-05,1.046e-05,1.013e-05,1.03e-05,25413088849.0
2025-12-24,1.03e-05,1.043e-05,1.005e-05,1.039e-05,17155725861.0
2025-12-25,1.039e-05,1.065e-05,1.026e-05,1.028e-05,18932414439.0
2025-12-26,1.028e-05,1.063e-05,1.026e-05,1.045e-05,28731644530.0
2025-12-27,1.045e-05,1.081e-05,1.04e-05,1.08e-05,19111128166.0
2025-12-28,1.081e-05,1.082e-05,1.054e-05,1.064e-05,13591229809.0
2025-12-29,1.064e-05,1.083e-05,1.048e-05,1.052e-05,27734316812.0
2025-12-30,1.052e-05,1.1e-05,1.049e-05,1.082e-05,51405227024.0
2025-12-31,1.081e-05,1.145e-05,1.036e-05,1.049e-05,75228150271.0
2026-01-01,1.051e-05,1.106e-05,1.045e-05,1.093e-05,43875635701.0
2026-01-02,1.093e-05,1.136e-05,1.071e-05,1.128e-05,51830638391.0
2026-01-03,1.13e-05,1.155e-05,1.105e-05,1.135e-05,42506566579.0
2026-01-04,1.137e-05,1.183e-05,1.134e-05,1.168e-05,46029398389.0
2026-01-05,1.169e-05,1.319e-05,1.158e-05,1.243e-05,450612243976.0
2026-01-06,1.243e-05,1.262e-05,1.189e-05,1.248e-05,111237613157.0
2026-01-07,1.247e-05,1.248e-05,1.18e-05,1.192e-05,53847123146.0
2026-01-08,1.192e-05,1.203e-05,1.159e-05,1.177e-05,25220167990.0
